CustomerID,Age,Annual Income ($),Spending Score (1-100),Profession,Work Experience,Family Size,gender_female,gender_male
1,19,15000,39,5,1,4,1,0
2,21,35000,81,2,3,3,1,0
3,20,86000,6,2,1,1,0,1
4,23,59000,77,7,0,2,0,1
5,31,38000,40,3,2,6,0,1
6,22,58000,76,0,0,2,0,1
7,35,31000,6,5,1,3,0,1
8,23,84000,94,5,1,3,0,1
9,64,97000,3,2,0,3,1,0
10,30,98000,72,0,1,4,0,1
11,67,7000,14,2,1,3,1,0
12,35,93000,99,5,4,4,0,1
13,58,80000,15,4,0,5,0,1
14,24,91000,77,7,1,1,0,1
15,37,19000,13,1,0,1,1,0
16,22,51000,79,5,1,2,1,0
17,35,29000,35,6,9,5,0,1
18,20,89000,66,5,1,6,1,0
19,52,20000,29,3,1,4,1,0
20,35,62000,98,0,0,1,0,1
21,35,96000,35,6,12,1,1,0
22,25,4000,73,5,3,4,1,0
23,46,42000,5,0,13,2,0,1
24,31,71000,73,0,5,2,1,0
25,54,67000,14,4,1,3,0,1
26,29,52000,82,0,1,3,1,0
27,45,68000,32,5,9,8,0,1
28,35,78000,61,0,1,3,1,0
29,40,18000,31,0,0,1,0,1
30,23,20000,87,0,5,4,0,1
31,60,39000,4,0,0,3,1,0
32,21,34000,73,1,1,2,0,1
33,53,59000,4,5,1,3,1,0
34,18,62000,92,6,9,7,1,0
35,49,91000,14,7,1,2,0,1
36,21,95000,81,5,3,4,0,1
37,42,14000,17,1,5,1,0,1
38,30,62000,73,5,1,5,0,1
39,36,9000,26,0,8,2,0,1
40,20,69000,75,0,8,2,0,1
41,65,25000,35,0,4,1,0,1
42,24,85000,92,5,0,2,1,0
43,48,22000,36,0,14,3,1,0
44,31,33000,61,0,1,2,0,1
45,49,72000,28,2,8,1,0,1
46,24,3000,65,7,4,2,0,1
47,50,52000,55,0,0,4,0,1
48,27,71000,47,5,12,1,0,1
49,29,78000,42,5,0,4,0,1
50,31,25000,42,2,1,1,0,1
51,49,88000,52,0,1,2,0,1
52,33,97000,60,0,1,2,1,0
53,31,74000,54,0,1,1,0,1
54,59,68000,60,3,0,2,1,0
55,50,18000,45,8,1,1,0,1
56,47,95000,41,0,14,2,1,0
57,51,71000,50,5,9,4,0,1
58,69,8000,46,1,8,2,1,0
59,27,57000,51,0,1,3,0,1
60,53,89000,46,7,1,6,1,0
61,70,84000,56,0,0,2,1,0
62,19,50000,55,0,9,2,1,0
63,67,50000,52,7,0,3,0,1
64,54,48000,59,7,1,2,0,1
65,63,63000,51,7,7,2,1,0
66,18,9000,59,3,0,2,1,0
67,43,3000,50,1,0,2,0,1
68,68,82000,48,0,8,4,0,1
69,19,81000,59,0,0,4,1,0
70,32,97000,47,6,2,2,0,1
71,70,91000,55,5,8,2,1,0
72,47,9000,42,3,8,2,0,1
73,60,44000,49,0,0,5,0,1
74,60,10000,56,5,8,4,0,1
75,59,89000,47,0,0,4,1,0
76,26,49000,54,6,0,3,1,0
77,45,67000,53,1,0,2,0,1
78,40,99000,48,0,4,3,1,0
79,23,97000,52,2,2,2,0,1
80,49,98000,42,9,1,1,0,1
81,57,52000,51,5,0,4,1,0
82,38,61000,55,5,6,3,1,0
83,67,120000,41,0,8,1,1,0
84,46,34000,44,3,8,4,0,1
85,21,24000,57,8,1,3,0,1
86,48,31000,46,5,7,5,1,0
87,55,11000,58,0,0,3,0,1
88,22,55000,55,0,5,2,0,1
89,34,76000,60,3,7,3,0,1
90,50,56000,46,1,0,2,0,1
91,68,46000,55,3,0,3,0,1
92,18,36000,41,0,1,4,1,0
93,48,88000,49,0,1,2,1,0
94,40,31000,40,3,1,2,0,1
95,32,24000,42,0,0,1,0,1
96,24,80000,52,0,10,1,1,0
97,47,2000,47,0,0,1,0,1
98,27,67000,50,0,0,2,0,1
99,48,58000,42,1,1,2,1,0
100,20,80000,49,2,3,3,1,0
101,23,65000,41,0,0,4,0,1
102,49,4000,48,4,1,7,0,1
103,67,98000,59,0,0,3,1,0
104,26,52000,55,4,0,5,1,0
105,49,86000,56,5,10,2,1,0
106,21,82000,42,1,1,2,0,1
107,66,43000,50,6,3,2,0,1
108,54,78000,46,7,1,1,1,0
109,68,13000,43,5,6,5,1,0
110,66,13000,48,5,9,3,1,0
111,65,34000,52,3,4,4,1,0
112,19,25000,54,0,0,1,0,1
113,38,71000,42,1,1,5,0,1
114,19,2000,46,0,1,1,1,0
115,18,97000,48,4,0,3,0,1
116,19,51000,50,4,8,4,0,1
117,63,9000,43,7,1,1,0,1
118,49,79000,59,0,0,2,0,1
119,51,84000,43,9,2,7,0,1
120,50,87000,57,0,1,2,0,1
121,27,36000,56,4,0,3,1,0
122,38,50000,40,4,1,4,0,1
123,40,97000,58,2,9,4,0,1
124,39,6000,91,5,1,3,1,0
125,23,12000,29,3,9,2,0,1
126,31,46000,77,8,1,2,0,1
127,43,89000,35,2,0,7,1,0
128,40,4000,95,0,0,2,1,0
129,59,38000,11,2,0,2,1,0
130,38,64000,75,3,8,5,1,0
131,47,66000,9,4,9,5,1,0
132,39,26000,75,7,0,2,1,0
133,25,41000,34,5,6,4,0,1
134,31,45000,71,0,5,1,0,1
135,20,89000,5,2,1,2,1,0
136,29,92000,88,4,5,5,0,1
137,44,76000,7,0,5,2,0,1
138,32,85000,73,0,3,4,1,0
139,19,22000,10,8,8,4,1,0
140,35,15000,72,0,4,4,0,1
141,57,32000,5,2,0,2,0,1
142,32,66000,93,0,0,5,1,0
143,28,62000,40,1,5,3,0,1
144,32,85000,87,7,1,2,0,1
145,25,71000,12,2,0,5,1,0
146,28,26000,97,8,8,5,1,0
147,48,52000,36,2,9,2,1,0
148,32,38000,74,7,1,1,0,1
149,34,51000,22,5,7,4,0,1
150,34,90000,90,0,6,3,1,0
151,43,30000,17,7,0,9,1,0
152,39,41000,88,2,0,1,1,0
153,44,17000,20,2,0,2,0,1
154,38,92000,76,0,2,2,0,1
155,47,80000,16,5,0,4,0,1
156,27,10000,89,8,8,4,0,1
157,37,16000,1,4,1,1,1,0
158,30,87000,78,0,3,4,0,1
159,34,66000,1,7,1,2,1,0
160,30,86000,73,0,3,3,0,1
161,56,9000,35,0,1,1,0,1
162,29,50000,83,5,1,5,0,1
163,19,35000,5,4,0,5,1,0
164,31,58000,93,5,1,5,0,1
165,50,47000,26,1,0,2,1,0
166,36,54000,75,0,5,3,0,1
167,42,79000,20,6,9,3,1,0
168,33,83000,95,0,0,5,0,1
169,36,57000,27,0,0,3,0,1
170,32,0,63,0,2,2,1,0
171,40,69000,13,0,3,5,1,0
172,28,4000,75,4,0,2,1,0
173,36,79000,10,7,0,2,1,0
174,36,99000,92,0,5,2,1,0
175,52,20000,13,7,0,2,0,1
176,30,28000,86,0,3,4,0,1
177,58,29000,15,2,11,1,1,0
178,27,45000,69,5,2,6,1,0
179,59,86000,14,5,4,3,1,0
180,35,42000,90,2,8,1,1,0
181,37,59000,32,0,7,2,0,1
182,32,61000,86,3,7,5,0,1
183,46,11000,15,0,7,1,1,0
184,29,66000,88,0,4,4,0,1
185,41,39000,39,0,1,1,0,1
186,30,72000,97,0,6,2,1,0
187,54,14000,24,7,1,2,0,1
188,28,44000,68,1,5,3,1,0
189,41,76000,17,2,8,2,0,1
190,36,95000,85,0,4,2,0,1
191,34,92000,23,0,5,3,0,1
192,32,98000,69,0,8,2,0,1
193,33,96000,8,4,9,2,1,0
194,38,45000,91,0,10,4,0,1
195,47,8000,16,0,7,2,0,1
196,35,46000,79,4,1,3,0,1
197,45,78000,28,0,0,2,0,1
198,32,4000,74,0,1,5,1,0
199,32,81000,18,4,1,2,1,0
200,30,33000,83,0,4,2,1,0
201,21,40000,10,5,0,3,0,1
202,34,85000,16,5,9,3,1,0
203,16,60000,0,2,6,8,0,1
204,76,60000,39,5,4,2,0,1
205,62,63000,59,3,0,2,0,1
206,63,10000,52,5,8,3,0,1
207,19,55000,61,5,0,3,0,1
208,46,93000,12,0,2,1,1,0
209,48,15000,7,1,0,2,0,1
210,80,39000,33,2,9,4,0,1
211,1,57000,93,2,1,2,0,1
212,0,22000,92,0,2,1,0,1
213,86,12000,70,8,2,4,1,0
214,49,50000,82,7,8,1,1,0
215,48,95000,68,1,2,4,1,0
216,46,66000,70,5,3,3,0,1
217,79,20000,40,1,6,2,1,0
218,83,35000,99,1,8,2,0,1
219,66,71000,34,4,9,2,0,1
220,59,76000,61,9,9,1,0,1
221,39,84000,33,0,5,3,0,1
222,95,72000,51,2,4,2,0,1
223,43,33000,55,0,4,3,1,0
224,93,93000,37,5,1,5,0,1
225,40,83000,48,6,4,1,0,1
226,78,23000,8,2,1,1,0,1
227,25,40000,77,0,5,4,0,1
228,76,89000,86,5,9,4,1,0
229,0,33000,64,8,1,1,1,0
230,15,94000,30,5,7,2,1,0
231,6,93000,53,7,8,2,0,1
232,84,7000,28,5,0,4,1,0
233,67,18000,88,7,0,2,0,1
234,78,3000,14,5,0,4,0,1
235,4,84000,54,0,9,1,0,1
236,29,62000,34,5,0,4,0,1
237,91,9000,96,5,1,5,1,0
238,95,36000,35,9,0,4,1,0
239,55,37000,74,7,1,4,1,0
240,14,50000,11,0,1,2,0,1
241,92,83000,16,4,1,5,1,0
242,65,79000,17,0,0,3,0,1
243,84,40000,14,5,1,4,0,1
244,77,47000,58,0,0,6,0,1
245,53,4000,20,0,0,4,0,1
246,28,38000,75,3,7,2,0,1
247,23,0,96,1,1,3,1,0
248,32,7000,16,0,1,2,0,1
249,37,41000,2,0,1,2,0,1
250,89,65000,0,2,0,5,0,1
251,80,20000,93,2,1,3,1,0
252,27,44000,65,1,8,1,0,1
253,78,3000,14,0,5,4,0,1
254,86,72000,13,7,7,3,0,1
255,46,27000,32,2,4,4,0,1
256,59,85000,49,7,4,2,1,0
257,12,38000,18,4,10,1,1,0
258,79,73000,96,6,6,7,1,0
259,79,64000,64,0,2,3,0,1
260,26,26000,60,4,6,4,1,0
261,63,47000,16,0,2,3,0,1
262,52,35000,85,1,2,6,0,1
263,32,31000,24,7,2,3,0,1
264,64,13000,38,2,3,4,0,1
265,37,79000,10,6,1,7,0,1
266,7,82000,39,3,2,2,1,0
267,40,28000,68,0,1,1,0,1
268,78,36000,79,0,0,3,0,1
269,34,8000,76,3,6,6,0,1
270,52,88000,39,0,1,2,0,1
271,94,91000,36,3,0,4,1,0
272,1,12000,82,1,0,3,0,1
273,96,1000,76,3,0,3,0,1
274,18,143000,99,0,0,2,0,1
275,37,18000,57,0,1,2,0,1
276,78,65000,89,7,1,2,1,0
277,16,9000,88,4,7,4,1,0
278,93,95000,21,0,1,1,1,0
279,74,78000,12,2,9,3,0,1
280,68,48000,73,5,3,3,1,0
281,32,63000,87,4,1,4,0,1
282,43,85000,63,8,1,2,0,1
283,52,43000,58,0,1,3,0,1
284,63,74000,20,0,1,2,0,1
285,33,67000,11,5,0,1,0,1
286,86,59000,40,0,0,1,1,0
287,85,140000,84,3,1,1,0,1
288,73,31000,47,5,1,2,0,1
289,21,5000,91,8,0,1,0,1
290,93,19000,58,2,1,3,0,1
291,9,27000,62,3,7,1,1,0
292,10,68000,80,1,6,3,0,1
293,11,38000,66,0,8,8,1,0
294,48,50000,36,2,6,4,0,1
295,73,80000,73,3,2,2,0,1
296,66,69000,43,4,9,3,0,1
297,79,31000,91,2,3,3,0,1
298,62,87000,41,1,6,2,1,0
299,17,79000,16,0,1,3,1,0
300,32,32000,86,3,5,2,1,0
301,85,153787,100,3,3,3,1,0
302,31,95851,16,5,5,2,1,0
303,31,145015,73,5,6,3,0,1
304,38,148539,7,5,5,2,0,1
305,90,117319,21,7,1,2,0,1
306,65,180243,26,8,6,2,0,1
307,63,165052,12,0,4,2,0,1
308,61,120487,14,1,0,2,0,1
309,26,112766,83,2,8,4,1,0
310,17,156488,65,2,1,4,0,1
311,56,97562,15,4,5,6,1,0
312,12,77501,30,2,5,4,0,1
313,24,118302,100,7,5,1,0,1
314,13,64277,9,4,9,4,0,1
315,12,53927,77,1,2,3,1,0
316,72,93921,93,7,9,2,1,0
317,54,132046,8,6,4,4,0,1
318,45,183217,91,0,7,2,1,0
319,66,182937,44,8,8,1,1,0
320,27,68272,56,5,8,4,0,1
321,36,69841,21,2,10,2,1,0
322,5,69078,60,7,13,1,1,0
323,89,110667,100,5,2,4,0,1
324,13,95469,94,1,6,1,1,0
325,91,102861,40,0,4,1,0,1
326,16,133551,7,0,3,1,1,0
327,63,64589,90,2,7,1,0,1
328,52,152755,39,2,4,2,1,0
329,37,92313,58,5,1,5,0,1
330,78,98922,2,0,2,3,0,1
331,24,165846,33,2,0,4,1,0
332,4,93713,62,2,3,4,0,1
333,84,137641,67,5,0,5,1,0
334,0,173743,96,0,0,4,1,0
335,67,116126,58,3,10,2,0,1
336,32,112246,30,5,8,3,0,1
337,39,69384,75,5,1,5,0,1
338,68,76529,62,5,0,2,0,1
339,7,123804,28,1,14,1,0,1
340,76,68292,55,0,8,2,0,1
341,84,173185,99,0,3,1,0,1
342,75,142034,82,3,1,4,1,0
343,22,107941,61,0,0,1,1,0
344,90,149840,61,2,1,1,0,1
345,4,148431,99,5,1,8,0,1
346,78,126599,84,7,0,3,0,1
347,58,57180,22,5,9,1,0,1
348,99,184426,41,0,9,1,0,1
349,24,151085,39,8,2,5,0,1
350,88,166107,98,0,13,4,0,1
351,92,67850,91,0,9,4,0,1
352,99,173394,4,2,13,1,1,0
353,51,72303,98,7,7,1,0,1
354,23,181760,35,5,14,3,1,0
355,13,146858,75,1,9,1,0,1
356,22,172923,20,2,6,1,1,0
357,89,115811,87,6,11,4,0,1
358,20,184324,51,8,13,5,1,0
359,72,67353,19,7,9,3,0,1
360,17,165999,71,5,9,3,1,0
361,90,164914,18,0,8,3,1,0
362,99,63364,61,3,1,2,1,0
363,39,182352,73,2,4,3,0,1
364,37,148544,56,3,1,2,0,1
365,46,62833,85,0,1,2,1,0
366,65,120627,72,5,0,2,1,0
367,60,130898,30,0,1,1,0,1
368,93,103130,74,4,12,3,0,1
369,72,106681,15,5,9,5,1,0
370,36,87353,25,3,1,5,0,1
371,52,88046,61,0,8,1,1,0
372,72,98168,49,3,1,2,0,1
373,28,178265,5,7,2,1,0,1
374,48,167232,92,1,6,4,0,1
375,85,140478,43,1,6,4,1,0
376,22,159296,83,0,8,1,1,0
377,30,144043,78,1,1,1,0,1
378,46,72594,64,0,1,2,1,0
379,82,180288,77,0,2,2,0,1
380,73,165734,51,3,0,1,0,1
381,8,175407,2,0,5,1,1,0
382,90,70201,8,2,0,2,1,0
383,34,91503,26,0,0,6,1,0
384,10,184522,43,0,0,2,0,1
385,79,143560,83,0,1,3,0,1
386,83,131574,97,0,1,2,1,0
387,20,151124,18,0,15,3,0,1
388,25,67447,5,0,15,2,0,1
389,26,117454,8,5,16,2,0,1
390,18,86203,23,1,13,1,0,1
391,7,136231,10,0,7,1,0,1
392,1,89144,1,1,12,2,1,0
393,21,119116,30,0,17,4,1,0
394,86,163463,31,0,9,4,0,1
395,75,151696,82,0,15,1,0,1
396,78,184736,52,7,13,1,1,0
397,87,70419,69,6,6,4,0,1
398,8,119104,41,3,14,3,0,1
399,59,130950,28,4,5,3,1,0
400,13,140950,77,0,15,2,1,0
401,55,82285,35,2,16,1,0,1
402,50,91389,92,5,11,7,0,1
403,54,186359,95,1,13,2,1,0
404,13,178989,46,1,14,3,1,0
405,79,166335,45,2,5,5,1,0
406,65,119889,11,0,17,6,0,1
407,51,66852,73,4,15,3,0,1
408,18,103896,36,4,16,4,1,0
409,21,187761,87,5,2,3,1,0
410,37,102717,93,5,7,4,1,0
411,83,102647,83,3,0,2,1,0
412,96,113585,31,7,0,4,0,1
413,65,86509,88,0,0,4,0,1
414,80,59099,44,8,1,7,1,0
415,75,135088,5,7,1,5,0,1
416,87,110870,78,2,1,4,0,1
417,86,187667,12,0,0,1,0,1
418,36,124614,25,0,8,5,0,1
419,78,166492,40,6,9,7,0,1
420,62,172758,69,3,1,2,0,1
421,89,122430,19,5,1,1,1,0
422,56,183540,96,3,0,6,0,1
423,35,96484,34,0,5,4,0,1
424,33,112587,71,0,1,4,1,0
425,58,155672,71,3,7,7,0,1
426,68,72847,93,0,1,2,0,1
427,38,71897,32,3,2,3,1,0
428,31,158479,57,1,1,5,1,0
429,90,89251,4,3,1,1,1,0
430,28,179911,24,2,1,1,1,0
431,1,111558,85,5,7,4,1,0
432,78,127615,78,4,10,7,1,0
433,23,50076,32,0,3,5,0,1
434,25,77779,62,0,4,1,0,1
435,59,169999,38,2,5,5,1,0
436,7,106581,76,1,1,7,0,1
437,24,78223,41,7,0,1,0,1
438,76,136259,14,9,0,7,1,0
439,37,153399,93,3,1,6,1,0
440,6,162858,91,0,0,1,0,1
441,0,57373,29,9,0,7,0,1
442,3,133602,47,0,1,1,1,0
443,95,66322,88,0,0,3,0,1
444,0,68761,16,7,1,4,0,1
445,7,70749,86,0,13,3,1,0
446,54,65874,87,0,7,6,1,0
447,89,115996,24,2,15,1,1,0
448,58,67097,91,2,6,1,0,1
449,12,108027,64,0,13,5,0,1
450,7,176349,80,5,8,2,1,0
451,11,88452,40,5,8,6,1,0
452,74,128266,55,2,7,4,1,0
453,64,156777,20,5,7,2,0,1
454,48,123234,50,7,10,7,0,1
455,8,60790,38,0,1,5,0,1
456,15,181332,99,0,14,6,0,1
457,1,187297,7,0,0,1,1,0
458,21,153885,86,0,6,6,0,1
459,84,53500,44,8,3,4,1,0
460,5,69443,28,1,4,6,0,1
461,47,124072,56,7,0,7,0,1
462,96,135800,29,5,0,7,0,1
463,93,120597,96,0,2,4,1,0
464,16,91358,11,3,1,4,0,1
465,56,53231,41,8,0,5,1,0
466,76,156330,31,2,1,2,0,1
467,0,186002,80,1,15,2,1,0
468,70,111760,53,4,12,5,0,1
469,47,143906,12,0,4,3,0,1
470,13,182410,22,5,11,4,1,0
471,86,98463,46,6,10,5,1,0
472,91,93762,28,0,15,7,1,0
473,97,104582,50,5,8,2,1,0
474,20,130813,92,0,17,5,1,0
475,11,59202,92,5,5,4,0,1
476,28,79968,45,7,9,2,0,1
477,32,104824,42,0,0,7,1,0
478,82,188719,30,7,0,6,1,0
479,39,187536,66,5,3,6,1,0
480,7,134008,85,3,2,1,1,0
481,13,176397,71,0,6,3,0,1
482,34,154888,43,5,9,6,0,1
483,76,155622,81,5,0,2,1,0
484,30,62330,60,5,1,1,0,1
485,69,112838,34,5,1,7,0,1
486,22,58283,59,6,2,4,1,0
487,60,77857,81,0,1,6,0,1
488,66,125024,25,0,0,1,1,0
489,57,136242,34,0,9,1,0,1
490,60,81934,81,5,1,4,0,1
491,59,130511,97,0,3,4,0,1
492,54,144502,88,7,3,1,0,1
493,90,63769,6,0,4,2,1,0
494,14,66760,20,0,0,4,0,1
495,34,135115,54,3,1,7,0,1
496,85,179877,17,5,12,4,0,1
497,83,93351,65,1,1,1,0,1
498,12,84547,96,6,3,3,1,0
499,95,121725,3,9,12,3,1,0
500,41,65723,91,0,6,7,1,0
501,38,96794,96,5,6,3,0,1
502,68,72352,61,5,8,5,1,0
503,4,53097,21,5,0,7,0,1
504,5,144831,17,0,1,3,0,1
505,3,183851,10,1,1,2,0,1
506,20,111896,90,4,1,3,0,1
507,3,64824,30,4,1,1,0,1
508,36,88565,16,5,1,5,1,0
509,70,104974,63,0,1,1,0,1
510,17,167060,47,0,1,5,0,1
511,31,69018,17,0,6,1,0,1
512,48,174109,96,3,0,1,0,1
513,28,62186,29,8,0,1,1,0
514,97,183783,70,5,9,3,1,0
515,81,83771,1,0,1,2,1,0
516,37,148196,91,0,0,2,0,1
517,85,131742,87,3,1,1,1,0
518,78,59971,94,6,14,7,0,1
519,13,88960,2,3,13,3,0,1
520,53,140107,38,5,1,5,0,1
521,41,161896,49,3,1,3,0,1
522,9,57272,60,2,1,1,0,1
523,20,119952,2,5,8,2,1,0
524,98,167197,63,1,1,5,0,1
525,44,186116,2,5,8,6,0,1
526,66,134677,59,5,15,5,0,1
527,58,180479,74,5,0,3,0,1
528,97,112783,21,0,9,6,1,0
529,13,150258,17,1,0,3,1,0
530,48,115832,92,0,2,2,1,0
531,47,104834,44,0,0,7,0,1
532,93,152571,66,1,14,5,1,0
533,11,162287,45,2,3,2,0,1
534,68,171761,59,1,1,6,0,1
535,87,77709,73,0,0,1,0,1
536,22,95053,17,3,1,2,0,1
537,89,74820,33,1,1,2,1,0
538,57,152267,92,2,9,5,1,0
539,91,71925,14,0,4,2,1,0
540,84,151340,95,0,1,7,0,1
541,56,162921,51,4,0,4,1,0
542,26,52234,30,4,1,2,0,1
543,56,100271,87,0,1,5,0,1
544,6,170266,23,0,3,2,0,1
545,33,88763,1,3,1,1,0,1
546,89,107359,26,9,10,6,0,1
547,99,164781,83,2,0,2,1,0
548,25,156016,85,0,2,1,0,1
549,96,186882,40,3,1,7,0,1
550,35,99300,88,6,5,2,0,1
551,16,58127,65,8,0,3,1,0
552,81,89211,12,1,1,7,0,1
553,7,148607,59,6,1,7,0,1
554,31,139592,62,8,1,1,0,1
555,16,172051,62,5,1,3,0,1
556,89,57033,99,0,0,4,1,0
557,84,117612,63,2,0,6,1,0
558,40,185321,96,0,0,7,1,0
559,17,186577,5,5,8,5,0,1
560,0,151298,89,0,0,6,1,0
561,69,123925,52,0,1,7,0,1
562,17,169496,12,7,11,6,0,1
563,0,142892,25,3,8,1,0,1
564,34,58979,3,3,9,5,0,1
565,51,141416,100,5,15,1,0,1
566,54,104854,67,5,1,7,1,0
567,19,180331,14,0,17,5,0,1
568,99,172896,13,2,0,3,0,1
569,2,101451,82,5,4,3,0,1
570,91,189974,37,2,8,1,0,1
571,65,90084,65,0,1,6,1,0
572,47,112247,24,4,4,5,0,1
573,91,181775,61,0,4,5,0,1
574,64,59088,31,0,1,3,0,1
575,91,60856,23,0,1,6,0,1
576,32,149900,34,0,6,3,1,0
577,15,142776,98,2,8,5,1,0
578,22,162598,84,0,8,3,1,0
579,37,146195,89,5,4,4,0,1
580,83,135268,53,7,4,5,1,0
581,89,136037,1,8,5,1,0,1
582,33,111191,67,0,9,4,0,1
583,13,144111,62,3,12,5,0,1
584,71,177359,56,1,6,2,0,1
585,10,112818,85,8,15,7,0,1
586,49,53509,98,0,5,4,1,0
587,9,168269,75,4,10,2,0,1
588,53,86766,2,7,16,3,0,1
589,63,52661,25,5,12,5,0,1
590,46,148520,14,5,11,5,0,1
591,42,149936,52,0,15,3,1,0
592,73,102296,31,3,7,5,0,1
593,75,178416,16,4,10,7,1,0
594,49,83788,41,1,15,1,0,1
595,96,184771,77,2,8,5,0,1
596,52,70302,88,4,14,3,0,1
597,15,58639,51,3,5,7,0,1
598,91,97879,40,3,15,7,1,0
599,22,64707,29,3,7,3,1,0
600,62,71795,87,5,8,1,1,0
601,41,76567,85,1,16,1,1,0
602,61,126370,20,9,11,4,1,0
603,71,154007,32,0,7,7,0,1
604,91,69720,78,7,17,6,0,1
605,94,85265,68,4,7,6,0,1
606,3,155864,31,5,13,3,0,1
607,15,99421,72,0,8,7,0,1
608,96,145457,57,4,2,1,0,1
609,12,118041,77,0,9,2,1,0
610,23,73759,83,1,0,7,0,1
611,94,90082,17,0,5,7,1,0
612,7,74928,12,0,0,6,0,1
613,74,101352,36,7,0,5,0,1
614,52,93947,81,5,9,2,0,1
615,39,134629,23,2,1,6,1,0
616,72,101858,70,5,8,6,1,0
617,55,165501,47,0,10,4,0,1
618,29,135931,74,7,5,1,1,0
619,38,103356,20,8,1,6,1,0
620,44,75195,79,0,1,3,0,1
621,58,123083,44,3,6,5,1,0
622,77,73884,30,5,1,2,1,0
623,56,91180,61,3,1,7,0,1
624,79,86235,52,0,0,2,1,0
625,97,96400,4,1,1,7,0,1
626,78,83599,12,5,1,6,1,0
627,91,82535,50,5,0,1,0,1
628,35,92227,8,7,0,5,1,0
629,43,150444,27,0,13,4,0,1
630,37,149095,83,7,1,2,0,1
631,63,113605,42,0,3,3,1,0
632,16,93854,82,5,0,7,0,1
633,32,118280,92,0,0,5,1,0
634,91,94576,90,0,0,1,1,0
635,33,129257,70,4,6,3,0,1
636,57,70373,10,5,2,6,0,1
637,43,77600,66,5,0,1,0,1
638,26,113707,97,3,0,5,0,1
639,59,189672,8,1,0,7,0,1
640,61,143180,58,0,0,5,0,1
641,59,174890,14,8,3,4,0,1
642,66,121377,19,9,7,7,1,0
643,26,154857,13,5,0,7,1,0
644,67,160945,51,5,0,5,0,1
645,85,119557,35,0,0,2,0,1
646,76,187141,33,1,0,7,0,1
647,57,97468,22,0,0,1,0,1
648,77,160351,77,7,8,5,0,1
649,66,178627,94,5,1,2,0,1
650,49,170188,80,7,1,6,0,1
651,36,166007,40,1,1,4,0,1
652,74,91794,83,3,0,7,1,0
653,16,189072,86,0,6,3,0,1
654,27,152717,15,4,1,6,1,0
655,3,158549,98,4,0,3,0,1
656,31,134263,94,8,1,3,1,0
657,30,148236,28,4,1,1,0,1
658,94,171677,81,0,0,6,1,0
659,31,189446,38,0,1,6,0,1
660,49,106633,53,0,0,3,1,0
661,49,81084,48,4,6,5,1,0
662,53,148759,52,1,7,7,1,0
663,3,117638,95,5,2,7,0,1
664,91,159537,37,1,4,1,0,1
665,26,79526,6,8,9,7,1,0
666,28,101414,64,9,8,1,1,0
667,92,109519,72,3,1,4,0,1
668,59,156880,70,0,0,7,0,1
669,15,157278,58,0,0,6,1,0
670,23,144916,84,2,1,7,0,1
671,54,59163,100,8,3,3,1,0
672,93,93991,49,0,1,3,0,1
673,65,58318,45,1,1,1,0,1
674,13,180786,88,7,1,5,0,1
675,71,84622,45,1,0,6,1,0
676,1,92674,59,0,8,4,1,0
677,57,87553,94,0,1,1,0,1
678,14,74174,79,3,1,2,1,0
679,77,180831,33,5,1,2,0,1
680,89,137397,33,1,1,7,0,1
681,17,96154,100,0,1,4,1,0
682,86,172477,69,3,1,3,1,0
683,42,59954,37,4,4,4,1,0
684,29,112240,95,3,0,4,0,1
685,54,145679,35,0,0,2,0,1
686,96,136265,49,0,12,5,1,0
687,58,74869,12,5,0,3,0,1
688,52,109425,46,2,0,1,0,1
689,3,126015,57,5,0,1,0,1
690,13,156951,66,5,4,7,0,1
691,3,127172,68,5,1,2,0,1
692,89,113834,22,1,0,3,1,0
693,83,132005,2,3,0,5,1,0
694,80,171323,78,7,10,4,0,1
695,74,92355,87,3,1,4,0,1
696,42,60982,3,5,0,5,1,0
697,91,51742,33,0,8,3,0,1
698,31,138612,71,4,9,2,0,1
699,8,158123,84,0,1,1,1,0
700,64,164675,65,4,0,5,1,0
701,41,172882,27,5,8,7,0,1
702,62,70119,93,0,0,1,0,1
703,41,113998,26,5,7,7,1,0
704,22,114011,40,9,5,7,1,0
705,5,57265,89,3,7,7,1,0
706,38,130597,2,0,6,1,0,1
707,88,121597,7,2,0,5,0,1
708,56,103210,100,0,6,6,1,0
709,47,66308,8,4,0,4,1,0
710,4,141336,93,6,2,1,1,0
711,82,153632,76,3,9,7,1,0
712,31,65520,71,7,1,2,0,1
713,69,153217,83,5,1,6,0,1
714,62,92768,75,1,1,1,1,0
715,54,132345,10,0,0,2,0,1
716,60,186069,49,8,1,2,0,1
717,31,53802,32,0,1,7,0,1
718,17,103739,62,5,6,4,0,1
719,15,50550,34,5,9,7,0,1
720,37,145648,21,5,7,6,0,1
721,36,85737,37,4,0,3,1,0
722,27,99950,20,3,0,4,0,1
723,11,83220,21,2,7,4,0,1
724,83,73410,50,3,8,5,1,0
725,71,64310,43,8,2,1,0,1
726,20,59844,79,1,0,1,0,1
727,3,67787,1,4,1,6,1,0
728,52,172841,4,2,0,1,1,0
729,75,145528,61,5,1,2,1,0
730,36,173807,42,0,0,2,1,0
731,60,185794,69,3,7,1,1,0
732,8,119780,71,5,1,3,1,0
733,9,158596,86,0,1,2,0,1
734,41,118122,52,3,0,6,0,1
735,38,99964,11,5,7,4,1,0
736,69,120752,27,4,1,6,0,1
737,33,189630,53,4,5,5,0,1
738,64,125510,6,5,3,3,1,0
739,19,101799,49,2,1,1,1,0
740,88,92914,74,0,0,3,0,1
741,91,162465,59,2,9,3,0,1
742,84,163818,27,2,2,1,1,0
743,43,53832,56,3,4,1,0,1
744,30,140190,49,2,1,4,0,1
745,16,125836,69,5,1,4,1,0
746,89,100938,27,3,0,7,1,0
747,5,168670,37,0,1,3,1,0
748,54,176885,10,3,0,3,0,1
749,41,111174,28,0,4,5,0,1
750,80,127335,97,0,6,6,1,0
751,37,149103,3,5,10,1,1,0
752,87,167705,31,5,0,7,1,0
753,50,183548,85,3,1,4,0,1
754,14,50396,46,7,0,6,0,1
755,17,63557,3,8,1,1,0,1
756,98,87878,55,0,1,6,0,1
757,3,55634,53,2,8,3,1,0
758,83,118110,26,2,1,5,0,1
759,13,129396,36,0,6,6,1,0
760,46,62628,64,3,8,6,0,1
761,25,51700,17,5,4,6,0,1
762,4,106816,49,0,7,5,0,1
763,64,93000,67,7,0,2,1,0
764,84,144148,71,1,1,4,0,1
765,12,101388,90,0,0,2,1,0
766,56,171560,78,2,0,2,0,1
767,58,156366,60,3,8,1,1,0
768,0,143910,22,8,1,7,0,1
769,25,106569,84,2,1,3,0,1
770,28,173009,25,5,9,6,1,0
771,78,54252,29,2,0,5,1,0
772,56,104600,57,3,6,3,1,0
773,91,50250,54,0,0,2,1,0
774,77,93242,84,3,0,7,1,0
775,83,156839,38,0,3,7,0,1
776,64,71305,39,0,9,2,0,1
777,19,85975,73,3,0,6,1,0
778,94,188107,52,2,10,2,1,0
779,19,82333,35,8,1,2,1,0
780,84,125016,25,3,1,7,1,0
781,10,148908,10,5,2,3,0,1
782,19,58217,70,0,0,1,0,1
783,74,76521,29,2,7,4,1,0
784,95,117763,42,0,1,2,0,1
785,34,115184,93,6,1,4,0,1
786,30,54251,7,0,2,6,1,0
787,53,112530,24,3,2,6,0,1
788,67,107409,2,0,1,6,1,0
789,23,84793,23,6,9,6,0,1
790,25,66952,79,3,1,2,0,1
791,84,153465,11,7,1,4,0,1
792,1,178214,17,0,1,7,0,1
793,70,152069,42,3,4,4,1,0
794,56,132860,17,5,7,2,0,1
795,0,147719,86,7,1,7,0,1
796,91,172915,29,1,9,1,0,1
797,81,148594,29,3,3,5,0,1
798,33,61986,77,4,0,1,1,0
799,75,91456,13,0,1,4,1,0
800,11,166247,84,4,1,2,1,0
801,61,140516,50,0,0,3,0,1
802,81,148208,36,9,5,7,1,0
803,62,133822,78,8,0,4,0,1
804,44,175424,32,0,4,5,0,1
805,67,121528,92,5,8,4,0,1
806,30,189369,69,5,0,3,0,1
807,92,80808,26,0,1,1,0,1
808,25,57535,84,3,1,7,1,0
809,61,163509,51,5,0,4,0,1
810,72,75884,57,4,0,7,0,1
811,89,157759,52,0,1,6,0,1
812,37,184813,44,4,0,2,0,1
813,59,187253,51,4,8,7,1,0
814,41,81718,36,3,1,3,1,0
815,60,150019,37,1,1,2,1,0
816,81,53452,73,3,1,6,0,1
817,85,150765,42,6,8,2,1,0
818,91,154456,71,9,0,7,0,1
819,65,56647,12,1,6,4,0,1
820,19,117477,48,5,6,7,0,1
821,78,79677,9,0,10,7,0,1
822,0,116759,28,8,7,3,0,1
823,26,180702,21,3,6,1,1,0
824,2,122698,100,3,8,1,0,1
825,60,169346,55,5,7,2,0,1
826,67,93176,25,0,4,1,0,1
827,4,75853,40,6,4,5,0,1
828,7,119362,58,2,8,1,1,0
829,28,81545,36,0,4,7,1,0
830,67,67372,75,0,0,7,1,0
831,30,109703,61,4,1,1,0,1
832,38,166697,39,8,13,4,1,0
833,40,124982,34,2,1,7,0,1
834,6,146776,83,7,1,7,0,1
835,3,147548,45,4,4,5,0,1
836,51,117620,60,5,7,6,0,1
837,63,85351,57,5,0,2,1,0
838,65,174432,8,0,0,7,1,0
839,44,70787,68,1,1,3,1,0
840,90,75473,63,5,0,7,0,1
841,76,90082,49,5,1,6,1,0
842,62,185388,54,5,0,2,0,1
843,5,168110,69,1,14,6,0,1
844,67,184628,38,0,12,2,0,1
845,38,176551,45,5,8,1,0,1
846,31,76422,21,5,9,7,0,1
847,2,164248,51,3,9,3,1,0
848,82,109188,38,7,5,7,0,1
849,66,132951,26,5,4,1,0,1
850,75,164598,32,5,8,1,0,1
851,69,186655,32,9,7,2,1,0
852,62,111859,86,5,6,1,0,1
853,0,121926,41,7,7,1,0,1
854,11,143047,42,4,1,3,0,1
855,22,131748,23,0,1,3,0,1
856,76,142801,23,7,0,1,1,0
857,85,142723,46,2,0,6,1,0
858,21,155151,16,8,14,3,1,0
859,64,153607,48,5,1,4,0,1
860,94,144192,34,5,0,3,1,0
861,83,174159,22,7,4,4,0,1
862,93,73642,50,8,0,3,0,1
863,12,170319,46,0,8,7,0,1
864,0,141351,10,2,0,2,0,1
865,79,167411,9,8,12,5,0,1
866,90,58289,49,0,5,6,1,0
867,45,79801,77,1,0,2,0,1
868,82,146118,52,8,8,7,0,1
869,57,57337,14,5,1,4,0,1
870,43,113575,6,3,1,2,0,1
871,63,122658,65,2,6,2,1,0
872,62,151836,13,0,0,6,0,1
873,43,185900,80,6,9,4,0,1
874,34,94029,98,5,1,4,0,1
875,30,157290,22,0,2,2,0,1
876,97,175996,42,3,10,4,1,0
877,68,102016,37,0,0,4,1,0
878,16,77902,67,0,1,2,1,0
879,15,81138,86,5,9,7,0,1
880,25,128258,48,4,0,2,1,0
881,29,62475,24,0,6,4,0,1
882,85,82854,75,0,6,4,0,1
883,30,59284,38,1,7,7,0,1
884,13,141580,92,5,0,4,0,1
885,88,171362,90,4,6,4,0,1
886,5,78274,65,0,9,2,1,0
887,95,76646,61,0,0,1,0,1
888,92,78308,66,4,5,2,0,1
889,63,78971,89,2,1,2,0,1
890,75,65528,73,8,1,5,0,1
891,67,94199,71,0,5,7,1,0
892,58,135705,48,2,8,7,0,1
893,52,130573,31,3,8,3,1,0
894,85,152303,68,0,1,5,0,1
895,31,144582,89,1,1,1,0,1
896,84,93288,60,0,10,6,0,1
897,93,88192,3,8,10,2,0,1
898,18,62362,81,7,7,3,1,0
899,73,74350,39,7,10,1,1,0
900,3,144103,42,5,8,7,1,0
901,1,75518,17,7,7,3,1,0
902,53,160980,62,1,4,2,1,0
903,75,102904,28,0,7,6,0,1
904,15,174501,37,9,9,7,0,1
905,47,157661,57,5,6,6,0,1
906,66,118385,8,5,10,3,0,1
907,17,116463,100,0,8,4,0,1
908,1,161212,14,0,9,6,0,1
909,16,172601,50,8,4,6,1,0
910,52,167214,94,6,8,7,0,1
911,21,69644,19,0,5,1,1,0
912,19,120215,46,6,7,2,0,1
913,29,180401,23,2,7,6,0,1
914,40,113739,93,0,5,7,0,1
915,76,111717,41,5,1,2,1,0
916,91,62808,20,2,0,4,1,0
917,24,67582,13,0,1,3,0,1
918,4,96543,60,0,9,1,1,0
919,90,89667,69,0,0,2,1,0
920,56,98980,65,2,0,1,0,1
921,14,124998,17,7,1,3,1,0
922,52,189091,12,0,0,6,1,0
923,14,153842,3,0,1,3,0,1
924,30,106314,16,0,0,7,1,0
925,70,62901,60,0,8,5,0,1
926,14,149618,78,5,4,6,1,0
927,95,72068,97,5,0,6,0,1
928,25,81367,87,9,0,3,1,0
929,95,118575,10,3,1,3,0,1
930,12,82382,97,4,1,3,0,1
931,82,114776,55,3,10,3,1,0
932,2,145597,81,0,1,6,0,1
933,51,162072,86,2,1,1,1,0
934,63,172872,11,5,0,7,1,0
935,30,182162,6,0,1,3,0,1
936,68,71467,81,0,5,7,0,1
937,21,85568,1,5,0,6,0,1
938,99,56851,72,3,6,3,0,1
939,0,116782,73,0,9,5,0,1
940,80,67781,1,3,4,4,0,1
941,51,70152,29,5,0,2,0,1
942,18,185861,82,0,3,6,1,0
943,43,162595,17,0,3,3,1,0
944,29,80098,54,7,10,6,0,1
945,20,184801,8,7,1,1,0,1
946,39,58908,37,0,6,6,0,1
947,9,146011,69,8,9,5,0,1
948,45,135174,39,0,9,4,0,1
949,65,114244,64,0,0,1,0,1
950,64,157207,52,5,0,4,0,1
951,81,128834,23,3,5,4,0,1
952,54,51166,24,3,0,7,1,0
953,32,130118,36,0,0,4,0,1
954,29,87014,71,1,11,4,1,0
955,25,111379,93,0,0,2,0,1
956,5,83704,82,3,1,1,1,0
957,55,90558,49,5,8,2,0,1
958,12,187343,14,5,6,3,1,0
959,81,111174,48,3,9,6,0,1
960,87,64461,63,2,4,4,1,0
961,12,109618,97,0,7,3,1,0
962,91,189357,4,7,7,1,1,0
963,63,120955,79,0,6,1,0,1
964,97,168898,54,6,8,7,0,1
965,89,130431,52,5,6,3,1,0
966,59,161091,56,2,9,1,1,0
967,26,69988,2,6,5,4,0,1
968,5,169702,98,1,5,1,0,1
969,32,186897,49,5,1,7,1,0
970,98,109061,41,2,6,1,0,1
971,31,188620,30,0,3,6,1,0
972,59,108675,57,0,4,5,0,1
973,80,177601,34,3,0,2,0,1
974,12,87365,3,8,1,2,0,1
975,80,95929,23,2,0,2,1,0
976,59,97185,87,3,0,5,1,0
977,56,103838,17,0,1,2,0,1
978,18,129260,11,1,1,3,1,0
979,66,151184,19,0,1,4,0,1
980,67,177512,62,2,2,3,0,1
981,39,140099,51,7,0,7,1,0
982,23,67535,97,5,7,6,1,0
983,47,133236,61,4,1,6,1,0
984,41,87975,5,6,9,7,0,1
985,40,164350,23,5,0,5,0,1
986,36,55109,53,0,8,3,1,0
987,12,67613,40,3,1,2,0,1
988,60,185306,47,3,0,2,0,1
989,24,154787,84,4,3,5,0,1
990,17,109759,96,0,9,3,0,1
991,92,114571,51,4,1,3,0,1
992,32,130697,93,0,1,2,1,0
993,39,115916,24,1,13,6,1,0
994,50,69814,53,0,9,2,0,1
995,85,118161,74,2,0,4,0,1
996,65,56583,65,5,2,3,1,0
997,17,185843,36,0,4,3,0,1
998,31,171825,22,3,10,4,0,1
999,24,77976,95,0,11,3,1,0
1000,97,66312,75,3,0,1,1,0
1001,92,81839,11,3,0,4,0,1
1002,80,55712,5,0,5,6,0,1
1003,33,158335,45,5,2,5,1,0
1004,8,74253,45,7,1,6,1,0
1005,67,119625,3,5,4,4,1,0
1006,8,129743,6,0,0,2,0,1
1007,61,101007,60,7,0,6,0,1
1008,83,87529,49,0,9,7,1,0
1009,8,151648,98,5,8,6,1,0
1010,69,61637,67,9,0,5,1,0
1011,14,164659,59,3,1,6,1,0
1012,80,125623,62,4,0,4,0,1
1013,85,104054,22,0,8,4,0,1
1014,88,83535,56,0,1,5,1,0
1015,76,166245,13,4,7,3,0,1
1016,32,100890,60,3,4,4,0,1
1017,99,55972,83,3,1,7,0,1
1018,85,134282,39,0,2,5,0,1
1019,25,106669,22,7,1,7,0,1
1020,99,145777,94,4,1,5,0,1
1021,41,119259,91,5,1,5,1,0
1022,1,150174,59,0,2,2,0,1
1023,45,55472,51,5,1,3,0,1
1024,55,99423,82,5,0,5,1,0
1025,20,146221,25,8,0,3,0,1
1026,33,84238,31,0,1,2,0,1
1027,92,57032,75,3,1,5,1,0
1028,93,88811,52,2,0,4,1,0
1029,60,167420,38,0,5,2,1,0
1030,38,101846,17,1,3,2,1,0
1031,15,114061,87,0,2,5,1,0
1032,74,147449,16,0,1,5,1,0
1033,47,83043,76,4,0,1,0,1
1034,96,168990,81,1,9,5,0,1
1035,97,73867,65,5,4,5,1,0
1036,35,165772,51,5,1,4,0,1
1037,19,178217,38,8,0,3,0,1
1038,60,162612,98,2,1,6,1,0
1039,37,99872,53,3,11,3,1,0
1040,49,142566,77,0,1,7,0,1
1041,1,111424,80,3,8,5,0,1
1042,43,187841,38,0,1,4,1,0
1043,46,171921,50,0,1,6,0,1
1044,65,115299,87,0,6,3,0,1
1045,75,94129,27,5,6,7,1,0
1046,40,172378,39,3,5,6,1,0
1047,28,146597,31,2,1,4,1,0
1048,78,64057,44,1,0,3,0,1
1049,22,163585,49,0,9,5,0,1
1050,6,93186,83,3,1,3,1,0
1051,46,149764,1,3,0,6,1,0
1052,17,116822,84,1,1,3,1,0
1053,46,109346,37,3,1,2,0,1
1054,72,111587,99,0,7,4,0,1
1055,38,166644,66,0,8,6,0,1
1056,50,181270,56,0,1,1,0,1
1057,47,65207,81,5,1,2,1,0
1058,72,112146,21,6,8,4,0,1
1059,8,104953,57,1,1,6,1,0
1060,34,139009,24,0,0,4,0,1
1061,53,67916,82,5,0,6,0,1
1062,82,99983,88,4,0,1,0,1
1063,63,131122,40,0,9,6,1,0
1064,58,173190,37,1,9,4,0,1
1065,23,122712,21,8,1,1,1,0
1066,80,55792,30,0,1,6,0,1
1067,45,73892,45,1,1,4,1,0
1068,30,78821,46,9,1,4,0,1
1069,84,152475,12,0,0,7,0,1
1070,45,152226,87,0,4,4,1,0
1071,85,117679,18,3,1,3,1,0
1072,23,146473,87,0,1,4,1,0
1073,79,66051,75,5,1,7,1,0
1074,47,162332,72,3,1,5,1,0
1075,93,166018,71,1,0,3,0,1
1076,95,67398,81,3,2,5,0,1
1077,44,73760,70,3,1,6,1,0
1078,95,167578,66,3,0,1,1,0
1079,28,130267,45,2,8,4,1,0
1080,91,94846,95,2,0,5,1,0
1081,81,155396,1,2,9,5,0,1
1082,90,138013,16,0,8,7,0,1
1083,79,148286,77,3,0,4,1,0
1084,6,101031,28,0,1,1,0,1
1085,38,52884,24,7,1,1,0,1
1086,87,153230,15,5,8,1,1,0
1087,93,63261,13,2,1,7,0,1
1088,44,90167,84,2,0,3,1,0
1089,10,162076,78,9,0,3,0,1
1090,84,53622,27,0,0,3,0,1
1091,7,172913,94,4,3,4,0,1
1092,41,94316,86,0,0,6,0,1
1093,87,141383,3,9,7,5,1,0
1094,33,67874,55,0,0,2,0,1
1095,34,176554,62,5,1,2,0,1
1096,53,135341,56,5,10,2,0,1
1097,47,129019,57,5,0,3,0,1
1098,53,107879,3,1,1,6,1,0
1099,92,79531,4,0,1,1,1,0
1100,89,63379,59,0,12,7,1,0
1101,27,156258,54,3,0,4,0,1
1102,70,67874,41,3,9,3,1,0
1103,86,159964,57,2,5,6,0,1
1104,99,103706,50,3,1,2,0,1
1105,96,64713,84,3,2,7,0,1
1106,65,90414,55,0,1,5,0,1
1107,82,171100,34,4,0,5,0,1
1108,36,187305,85,2,6,7,1,0
1109,30,139758,46,7,0,6,0,1
1110,96,91226,56,5,0,5,0,1
1111,69,143928,30,2,9,7,0,1
1112,34,92366,14,5,0,6,0,1
1113,74,175041,25,0,4,1,1,0
1114,97,147301,93,7,1,5,1,0
1115,56,119296,49,2,0,7,1,0
1116,30,126306,44,0,0,1,0,1
1117,13,100647,49,4,1,3,1,0
1118,95,168663,16,2,11,5,0,1
1119,2,105391,42,4,1,7,0,1
1120,78,175179,43,4,9,4,0,1
1121,54,165019,12,3,1,2,0,1
1122,85,68212,26,5,7,4,0,1
1123,13,64572,71,0,1,2,1,0
1124,85,92591,99,0,8,2,0,1
1125,41,69730,97,0,1,4,0,1
1126,25,156793,57,8,2,4,0,1
1127,74,56848,41,0,5,1,0,1
1128,8,148450,55,5,0,6,1,0
1129,62,150619,32,0,10,6,1,0
1130,52,100261,10,0,1,6,1,0
1131,36,109895,56,5,5,2,0,1
1132,11,152684,24,7,0,3,1,0
1133,84,133765,83,0,1,3,0,1
1134,99,57677,99,7,0,5,0,1
1135,51,112358,27,0,0,6,0,1
1136,57,73845,52,0,1,7,0,1
1137,92,89531,42,5,6,2,1,0
1138,29,118092,100,3,7,3,1,0
1139,62,144242,49,3,1,4,1,0
1140,43,140876,90,3,0,4,0,1
1141,72,76888,26,8,0,1,1,0
1142,28,116644,88,0,6,3,0,1
1143,57,143021,3,4,5,4,0,1
1144,86,145679,91,7,9,6,0,1
1145,26,64398,7,7,1,6,0,1
1146,13,104512,40,8,9,3,0,1
1147,1,71564,68,0,1,5,1,0
1148,89,122707,64,6,2,3,0,1
1149,91,51733,96,5,0,5,0,1
1150,67,138087,63,8,1,7,0,1
1151,63,147278,51,7,0,4,1,0
1152,90,187339,62,5,0,6,0,1
1153,87,129972,97,4,1,6,0,1
1154,89,151176,55,5,1,2,0,1
1155,34,74358,60,0,0,6,0,1
1156,89,83953,82,5,0,3,1,0
1157,31,62925,24,2,1,6,1,0
1158,55,65257,93,1,2,3,1,0
1159,3,188557,4,5,9,2,0,1
1160,64,163783,84,5,3,1,1,0
1161,1,108342,97,1,0,3,0,1
1162,20,155951,21,5,7,4,0,1
1163,18,183071,29,0,7,4,0,1
1164,83,124104,20,5,4,6,0,1
1165,21,136747,3,5,1,1,0,1
1166,19,189498,18,0,4,1,1,0
1167,74,76149,48,0,9,6,0,1
1168,44,185550,54,0,0,1,0,1
1169,52,119567,19,0,5,2,0,1
1170,14,79806,30,2,1,6,0,1
1171,10,180774,66,3,1,5,1,0
1172,80,90142,50,7,1,2,0,1
1173,82,184481,84,4,0,2,0,1
1174,32,66089,75,0,6,3,0,1
1175,16,60044,83,0,4,1,0,1
1176,61,52543,23,4,0,6,1,0
1177,57,50429,23,0,0,1,1,0
1178,95,178228,45,2,1,2,1,0
1179,38,161130,98,0,8,3,0,1
1180,70,87976,38,7,1,6,1,0
1181,40,179150,91,0,5,2,0,1
1182,92,163442,32,4,1,6,0,1
1183,73,108159,18,3,8,7,0,1
1184,62,73419,14,5,0,1,0,1
1185,12,138425,78,1,11,6,0,1
1186,65,54431,93,5,1,7,1,0
1187,88,168437,81,0,2,2,0,1
1188,55,71322,54,3,1,6,0,1
1189,99,122548,14,9,2,5,0,1
1190,20,141428,32,3,1,5,0,1
1191,97,142214,32,0,7,4,1,0
1192,93,62590,43,0,9,6,0,1
1193,84,172523,83,0,6,2,1,0
1194,16,157588,76,4,2,6,0,1
1195,10,143313,57,1,4,7,0,1
1196,59,119833,38,1,1,2,0,1
1197,54,70803,35,3,0,5,0,1
1198,82,139008,47,0,1,4,1,0
1199,83,126669,53,0,1,6,1,0
1200,87,122722,10,4,9,4,1,0
1201,1,79800,47,0,0,1,1,0
1202,89,100155,5,5,6,1,1,0
1203,32,110846,49,0,0,2,0,1
1204,1,106841,69,3,0,3,0,1
1205,54,117181,66,1,12,5,0,1
1206,56,86898,76,5,0,6,0,1
1207,31,143241,81,4,4,7,0,1
1208,26,146028,33,5,0,5,0,1
1209,7,165287,65,1,1,3,1,0
1210,60,132486,9,0,1,2,0,1
1211,92,96424,74,0,8,5,1,0
1212,93,151468,41,0,1,5,0,1
1213,8,76561,79,5,0,1,0,1
1214,81,125316,81,7,0,6,0,1
1215,21,109373,22,3,4,2,1,0
1216,96,135042,12,0,0,7,1,0
1217,78,59784,81,0,3,3,0,1
1218,86,140687,63,0,1,2,1,0
1219,1,182927,55,5,1,1,1,0
1220,62,175534,44,0,1,6,0,1
1221,68,170957,6,7,1,3,1,0
1222,70,81197,76,0,0,4,1,0
1223,21,104888,8,5,0,4,0,1
1224,74,184838,18,9,8,5,1,0
1225,62,139588,66,4,0,2,0,1
1226,22,126543,45,6,0,3,1,0
1227,87,177260,45,3,14,2,0,1
1228,44,156823,42,5,9,5,1,0
1229,27,183201,52,2,8,6,0,1
1230,95,84925,46,0,4,6,0,1
1231,89,69719,47,0,9,2,1,0
1232,41,61355,13,5,1,3,0,1
1233,41,156014,49,1,14,5,1,0
1234,21,184088,21,3,11,7,1,0
1235,59,158372,98,0,1,1,0,1
1236,64,135742,67,5,1,7,0,1
1237,38,145704,82,8,0,4,0,1
1238,70,157307,23,4,4,3,0,1
1239,25,88064,73,4,1,5,0,1
1240,3,167226,59,6,3,1,0,1
1241,70,153821,8,8,1,4,0,1
1242,29,170669,78,1,9,5,1,0
1243,88,93555,13,0,3,3,1,0
1244,20,101941,18,5,1,3,0,1
1245,58,78795,44,2,0,6,0,1
1246,70,55875,94,2,0,5,0,1
1247,44,177513,81,7,1,5,0,1
1248,87,100850,83,1,0,3,0,1
1249,0,143082,63,3,0,7,0,1
1250,96,85447,4,0,9,6,0,1
1251,75,114213,33,1,9,4,0,1
1252,14,161120,69,4,0,1,1,0
1253,8,186682,86,3,1,1,0,1
1254,58,105302,75,1,0,3,1,0
1255,5,133400,47,2,0,6,0,1
1256,70,56432,23,2,0,5,1,0
1257,49,136467,72,5,3,3,0,1
1258,60,189945,20,2,0,5,1,0
1259,25,163966,48,7,1,5,0,1
1260,47,52152,17,0,0,3,1,0
1261,53,145720,62,6,12,7,1,0
1262,24,188034,61,5,1,5,1,0
1263,46,127911,3,6,9,2,0,1
1264,70,174114,31,7,1,1,0,1
1265,53,144489,10,0,14,3,1,0
1266,63,77440,47,7,0,5,1,0
1267,24,86119,44,0,1,6,0,1
1268,5,100056,49,3,1,3,0,1
1269,7,66686,50,0,8,7,1,0
1270,71,74696,41,1,1,6,0,1
1271,23,65641,50,3,4,5,1,0
1272,0,61228,81,3,1,6,0,1
1273,2,138529,87,5,0,4,0,1
1274,72,152405,4,0,1,4,0,1
1275,18,157757,84,1,0,4,1,0
1276,11,166361,59,2,6,4,1,0
1277,95,67227,30,0,1,7,0,1
1278,20,161156,88,2,0,4,1,0
1279,58,170647,70,5,1,7,0,1
1280,67,161646,36,5,0,2,0,1
1281,43,98016,18,5,9,6,1,0
1282,36,50526,19,0,0,6,1,0
1283,2,175208,43,4,8,4,1,0
1284,35,97721,48,2,0,7,0,1
1285,81,142013,81,3,3,4,0,1
1286,84,166737,76,0,0,3,1,0
1287,18,62651,13,3,0,2,0,1
1288,54,179546,4,6,8,4,0,1
1289,98,51866,81,0,12,7,0,1
1290,75,86297,42,4,9,4,0,1
1291,98,65031,23,0,0,4,0,1
1292,94,69383,25,3,0,2,1,0
1293,24,70733,63,0,5,3,1,0
1294,47,187898,89,0,6,2,0,1
1295,40,116001,55,2,1,4,0,1
1296,68,87040,4,0,9,1,1,0
1297,18,180956,74,0,2,2,0,1
1298,83,115517,82,5,0,6,0,1
1299,34,76979,46,7,1,3,1,0
1300,81,50798,56,0,10,5,1,0
1301,61,146350,43,0,1,3,0,1
1302,77,81112,61,5,5,3,0,1
1303,52,80605,20,1,1,6,1,0
1304,40,171949,11,1,1,6,1,0
1305,93,159006,26,0,8,6,1,0
1306,45,177368,96,5,1,2,0,1
1307,83,187643,3,0,1,1,0,1
1308,23,93841,25,7,0,7,1,0
1309,15,131061,92,5,0,7,1,0
1310,79,146130,20,3,6,6,1,0
1311,80,84471,79,1,1,5,1,0
1312,35,144485,15,3,0,4,0,1
1313,39,158638,78,5,2,5,0,1
1314,4,96693,28,3,0,4,1,0
1315,83,129507,93,5,4,7,0,1
1316,94,114510,39,5,0,4,0,1
1317,33,109396,17,9,1,2,0,1
1318,12,149031,96,0,10,5,0,1
1319,77,66256,13,7,1,2,0,1
1320,48,118285,69,1,8,4,0,1
1321,97,128723,58,0,4,5,1,0
1322,28,178285,91,0,4,7,0,1
1323,99,144176,74,8,7,2,0,1
1324,27,82474,31,0,9,3,1,0
1325,95,159010,84,7,6,2,0,1
1326,6,76164,83,0,6,2,0,1
1327,18,77873,49,4,6,5,1,0
1328,42,53392,89,0,6,4,1,0
1329,50,168898,41,0,9,7,1,0
1330,86,128917,7,6,5,5,1,0
1331,69,185067,49,7,5,4,1,0
1332,23,132183,76,0,10,3,1,0
1333,82,82060,46,5,7,1,0,1
1334,97,133614,58,0,7,4,0,1
1335,42,94844,64,9,7,6,1,0
1336,75,76474,5,1,5,5,0,1
1337,14,94655,9,5,8,1,0,1
1338,3,60933,30,1,8,1,1,0
1339,16,79257,82,5,6,2,1,0
1340,45,125677,36,3,5,2,0,1
1341,23,127971,56,0,1,5,0,1
1342,38,76103,62,4,9,3,1,0
1343,45,114741,96,0,0,5,0,1
1344,82,157994,92,0,1,1,0,1
1345,73,93786,44,3,3,1,1,0
1346,36,75178,41,3,1,7,1,0
1347,13,175267,81,5,1,4,1,0
1348,96,99263,100,5,8,1,0,1
1349,83,52590,3,5,0,4,0,1
1350,33,170959,75,0,0,4,1,0
1351,68,135076,60,2,1,5,1,0
1352,88,167112,34,7,0,1,1,0
1353,87,184639,12,1,1,6,0,1
1354,88,172369,80,0,6,6,0,1
1355,43,124256,67,8,1,7,0,1
1356,64,89972,92,0,10,6,0,1
1357,96,67799,42,3,1,6,1,0
1358,72,176074,70,1,1,7,0,1
1359,48,167517,27,0,2,7,1,0
1360,64,77914,11,0,1,6,0,1
1361,8,57605,81,1,0,2,0,1
1362,52,86365,70,2,1,7,0,1
1363,3,93883,39,5,1,2,1,0
1364,44,131091,62,0,4,1,0,1
1365,14,87222,14,5,8,4,1,0
1366,50,117076,45,1,1,2,0,1
1367,53,150925,1,5,1,2,1,0
1368,31,149379,100,7,0,3,0,1
1369,31,138644,94,2,4,3,0,1
1370,97,148493,42,1,4,7,1,0
1371,27,84658,66,7,4,6,1,0
1372,2,111618,99,7,6,5,1,0
1373,81,108759,60,0,7,6,1,0
1374,64,186203,73,0,10,5,1,0
1375,11,147258,59,7,10,2,0,1
1376,78,132983,67,5,7,7,0,1
1377,72,149092,39,2,8,1,1,0
1378,36,163845,84,1,5,7,1,0
1379,97,117777,67,0,5,5,1,0
1380,88,131584,18,0,7,3,1,0
1381,21,123904,91,0,7,5,0,1
1382,62,89801,88,0,5,4,0,1
1383,73,173466,57,3,10,5,1,0
1384,34,55690,4,8,4,6,0,1
1385,50,104467,72,9,5,1,0,1
1386,39,100419,19,0,5,4,1,0
1387,82,62951,47,7,8,2,0,1
1388,39,118554,1,7,4,6,1,0
1389,13,140673,49,0,6,7,0,1
1390,68,75561,87,5,5,3,0,1
1391,77,147306,50,5,6,6,0,1
1392,35,111871,30,1,10,1,0,1
1393,5,112884,43,5,0,6,1,0
1394,47,121267,58,2,1,1,0,1
1395,48,151519,93,0,7,2,0,1
1396,34,105448,40,0,0,5,0,1
1397,20,92048,91,5,1,1,0,1
1398,61,99980,94,5,10,1,1,0
1399,16,84003,68,0,9,6,1,0
1400,2,110889,95,4,1,2,1,0
1401,52,82478,95,4,10,1,0,1
1402,99,139685,20,5,1,4,1,0
1403,84,182374,62,3,0,6,0,1
1404,58,119366,94,2,4,2,0,1
1405,91,53788,57,1,0,2,0,1
1406,1,90341,92,1,0,2,0,1
1407,67,118348,94,2,1,7,0,1
1408,56,137428,87,0,0,2,1,0
1409,62,106982,53,3,1,7,0,1
1410,12,98532,52,1,0,6,0,1
1411,38,120825,24,4,9,7,0,1
1412,51,58006,83,4,1,5,0,1
1413,20,106941,73,0,1,1,1,0
1414,43,129782,31,3,1,2,1,0
1415,93,121513,90,2,0,6,1,0
1416,54,79925,30,5,0,3,0,1
1417,23,112089,74,5,7,7,1,0
1418,1,138656,27,9,3,4,0,1
1419,64,146794,90,5,8,3,0,1
1420,55,75033,30,2,5,5,0,1
1421,85,149969,78,4,0,6,0,1
1422,20,124852,39,5,5,5,0,1
1423,73,154837,42,4,8,4,1,0
1424,53,145678,55,4,0,1,0,1
1425,7,137354,89,0,8,7,0,1
1426,50,136660,48,3,1,3,0,1
1427,12,63334,99,0,0,6,0,1
1428,37,62893,29,4,1,5,1,0
1429,78,163514,89,1,9,2,1,0
1430,29,145934,40,8,10,2,1,0
1431,54,119223,58,7,10,7,0,1
1432,89,127479,18,1,10,2,1,0
1433,25,136146,98,0,6,6,0,1
1434,14,76001,46,0,7,3,0,1
1435,12,84885,24,5,6,2,0,1
1436,18,82812,1,0,6,2,0,1
1437,74,51260,43,3,5,5,1,0
1438,21,159572,42,5,5,5,1,0
1439,9,130186,88,0,9,7,1,0
1440,49,176954,57,0,5,6,0,1
1441,58,85908,99,0,5,4,1,0
1442,16,75831,5,5,10,7,0,1
1443,55,123045,56,2,7,3,0,1
1444,31,161211,10,7,9,1,0,1
1445,59,81702,27,8,6,4,0,1
1446,25,173043,3,0,8,6,0,1
1447,63,126380,90,0,6,1,1,0
1448,60,128205,27,5,6,5,0,1
1449,41,181355,73,0,10,3,0,1
1450,84,97931,70,5,9,7,0,1
1451,72,146432,25,0,6,1,1,0
1452,97,125731,41,0,6,4,0,1
1453,43,132701,70,5,5,2,0,1
1454,63,116095,8,0,5,1,0,1
1455,7,135773,42,0,9,5,0,1
1456,54,136417,45,5,9,6,1,0
1457,27,80783,82,0,9,3,1,0
1458,28,182580,60,4,6,6,1,0
1459,84,143567,48,0,7,2,0,1
1460,71,85908,85,3,5,4,1,0
1461,88,139806,99,3,4,4,0,1
1462,75,77269,24,0,8,1,0,1
1463,96,105968,65,2,4,5,0,1
1464,83,125660,19,2,10,4,0,1
1465,86,98444,76,3,7,4,0,1
1466,60,179503,9,0,4,3,1,0
1467,5,60575,14,2,5,2,0,1
1468,65,75685,19,8,7,3,0,1
1469,49,85374,45,0,8,5,0,1
1470,78,128642,19,8,5,6,0,1
1471,25,182292,78,0,7,5,1,0
1472,5,124702,94,0,10,3,0,1
1473,58,127833,2,0,7,7,0,1
1474,80,178866,97,0,8,4,0,1
1475,94,183643,51,0,5,5,0,1
1476,62,113306,4,4,5,6,1,0
1477,20,84008,77,0,8,4,1,0
1478,85,85758,35,7,10,4,1,0
1479,72,63128,45,2,8,7,0,1
1480,95,70174,6,4,10,6,1,0
1481,97,170133,42,2,5,5,0,1
1482,25,165978,42,0,7,3,0,1
1483,17,149727,78,0,7,3,0,1
1484,19,147052,86,9,9,4,0,1
1485,59,113389,79,1,4,6,0,1
1486,30,111690,73,3,10,4,1,0
1487,63,184830,60,1,9,3,0,1
1488,23,91549,23,0,4,3,0,1
1489,97,94629,17,8,6,3,0,1
1490,97,167558,99,0,4,7,0,1
1491,94,119189,57,0,9,3,1,0
1492,28,96207,67,0,5,5,0,1
1493,21,85339,6,1,4,7,1,0
1494,25,111942,7,0,5,5,0,1
1495,48,157003,45,2,5,4,0,1
1496,53,117123,23,0,9,7,0,1
1497,97,172747,76,0,7,2,0,1
1498,33,157358,52,5,7,4,1,0
1499,5,156655,20,3,4,5,1,0
1500,72,166043,93,1,7,6,1,0
1501,40,67768,15,1,10,6,1,0
1502,34,171353,34,1,8,4,1,0
1503,63,116971,76,4,7,5,0,1
1504,85,97822,38,1,5,3,0,1
1505,86,117203,83,5,10,3,0,1
1506,63,88720,100,0,10,1,0,1
1507,9,173233,18,9,5,1,0,1
1508,76,139447,36,0,8,7,0,1
1509,19,179269,93,3,6,3,1,0
1510,84,136254,90,2,5,6,0,1
1511,38,174594,56,4,8,2,1,0
1512,1,100429,19,3,9,1,0,1
1513,30,73107,48,0,9,1,0,1
1514,86,98344,25,0,6,6,0,1
1515,21,163509,21,5,10,1,1,0
1516,15,116204,16,2,8,2,1,0
1517,87,95853,53,5,9,1,0,1
1518,40,156411,70,0,6,5,1,0
1519,2,72889,36,6,5,7,1,0
1520,63,106691,79,5,9,3,0,1
1521,26,144832,42,0,5,3,1,0
1522,29,132297,53,3,8,1,1,0
1523,7,170345,3,4,9,5,0,1
1524,28,157383,13,7,8,2,1,0
1525,99,150782,18,4,8,2,0,1
1526,69,143987,87,5,10,5,1,0
1527,13,129659,59,3,6,7,0,1
1528,73,104826,36,5,5,1,1,0
1529,4,181471,59,5,10,4,0,1
1530,42,152547,56,0,7,4,0,1
1531,43,85347,9,1,1,1,1,0
1532,79,122828,32,4,0,5,0,1
1533,18,107794,17,2,0,5,1,0
1534,39,152566,11,3,1,7,1,0
1535,41,91715,99,3,0,3,0,1
1536,60,99222,48,0,1,6,0,1
1537,39,70280,99,2,0,4,0,1
1538,90,70030,86,5,1,2,0,1
1539,83,102083,24,0,1,1,0,1
1540,92,166163,87,2,8,5,0,1
1541,6,182871,27,2,8,6,0,1
1542,50,187545,61,4,4,6,1,0
1543,90,182910,86,3,0,1,1,0
1544,13,174530,30,7,1,6,0,1
1545,27,115438,37,0,0,6,0,1
1546,93,93964,80,0,4,2,0,1
1547,61,180341,75,5,1,3,0,1
1548,91,107323,1,2,7,7,0,1
1549,79,119435,55,3,0,7,0,1
1550,80,68341,22,0,13,6,0,1
1551,16,95365,60,0,0,5,0,1
1552,4,131093,79,7,1,7,1,0
1553,34,100621,3,5,1,1,0,1
1554,10,116521,47,1,0,2,1,0
1555,3,136316,88,4,0,3,0,1
1556,96,172039,51,7,0,6,1,0
1557,48,70844,22,3,0,3,0,1
1558,25,100964,96,8,1,6,1,0
1559,98,128037,39,3,6,2,0,1
1560,84,97081,75,8,1,3,1,0
1561,88,92247,47,8,0,6,1,0
1562,86,129914,92,0,1,3,1,0
1563,0,94014,53,2,9,5,0,1
1564,56,138864,93,0,0,5,0,1
1565,6,169299,46,8,1,5,1,0
1566,2,119097,40,5,0,7,1,0
1567,73,68161,23,1,1,2,0,1
1568,38,181108,32,6,1,1,0,1
1569,37,87764,59,2,9,7,1,0
1570,41,102543,54,0,7,3,0,1
1571,94,139417,13,0,1,3,1,0
1572,57,81802,29,6,9,1,0,1
1573,96,102788,51,0,0,1,0,1
1574,59,163179,19,5,1,7,0,1
1575,87,71318,22,5,1,3,1,0
1576,55,63683,34,5,3,1,1,0
1577,16,189689,37,5,8,5,0,1
1578,82,121610,36,0,0,5,1,0
1579,83,150682,25,0,1,1,0,1
1580,96,124550,46,8,0,3,0,1
1581,55,148875,99,0,0,4,1,0
1582,6,107117,44,0,1,3,1,0
1583,33,109223,43,2,1,5,1,0
1584,0,120899,7,8,2,6,0,1
1585,27,101948,31,0,0,5,0,1
1586,72,143169,58,2,0,4,1,0
1587,13,167619,4,5,7,6,0,1
1588,19,181795,59,5,3,5,0,1
1589,48,186445,41,2,0,1,0,1
1590,58,102205,24,0,1,1,0,1
1591,21,52326,69,5,0,2,0,1
1592,91,82992,5,3,1,5,1,0
1593,44,145520,55,6,1,7,1,0
1594,80,104820,96,0,2,4,0,1
1595,28,69025,79,3,0,2,0,1
1596,74,164976,89,3,0,4,1,0
1597,79,178576,51,4,5,5,0,1
1598,42,72415,52,8,0,5,0,1
1599,80,112146,24,3,0,3,1,0
1600,8,144830,43,0,0,1,1,0
1601,24,51661,79,3,0,7,0,1
1602,71,152910,90,0,1,6,0,1
1603,1,114556,64,3,0,7,1,0
1604,0,143455,62,5,1,6,1,0
1605,30,173096,92,5,0,3,1,0
1606,52,121172,97,5,5,4,0,1
1607,34,56492,15,6,8,1,0,1
1608,64,156422,39,3,1,7,1,0
1609,17,131863,94,0,1,7,1,0
1610,71,118096,36,7,0,3,1,0
1611,87,149685,30,4,9,6,1,0
1612,68,89765,28,0,0,7,0,1
1613,14,177701,49,3,0,6,0,1
1614,24,64738,67,0,0,6,1,0
1615,10,92734,28,7,1,4,0,1
1616,53,146877,47,5,4,3,0,1
1617,39,62935,60,0,0,7,0,1
1618,16,67178,17,3,8,3,0,1
1619,64,115754,35,2,1,3,0,1
1620,41,186470,21,0,0,7,0,1
1621,16,100939,34,5,7,6,1,0
1622,94,86172,55,0,4,4,0,1
1623,40,184222,17,5,0,2,0,1
1624,81,71543,1,3,1,4,1,0
1625,18,174836,63,5,0,4,0,1
1626,78,130706,72,9,3,6,0,1
1627,8,74407,100,1,0,6,1,0
1628,64,130055,46,5,2,1,1,0
1629,45,88707,81,5,0,5,1,0
1630,99,162762,52,5,1,1,1,0
1631,59,154821,77,1,0,2,1,0
1632,53,57248,66,7,5,5,1,0
1633,66,99902,54,2,10,2,0,1
1634,1,165711,50,0,1,2,0,1
1635,73,97455,55,9,6,4,1,0
1636,34,93866,43,3,9,2,0,1
1637,1,141307,17,5,1,3,0,1
1638,73,172011,9,1,1,5,1,0
1639,90,68138,18,5,2,7,1,0
1640,32,123246,100,6,8,6,0,1
1641,47,124194,32,1,1,7,0,1
1642,15,188696,87,6,8,3,1,0
1643,78,91213,84,7,3,5,0,1
1644,83,166650,99,5,1,3,0,1
1645,2,52727,60,0,1,3,1,0
1646,75,126469,86,3,1,2,1,0
1647,45,138775,17,4,0,7,1,0
1648,49,68901,70,1,7,7,0,1
1649,41,118621,7,6,0,7,0,1
1650,34,109263,77,3,0,1,1,0
1651,82,150012,83,5,3,6,1,0
1652,37,133850,85,8,9,3,1,0
1653,25,81640,95,3,1,6,0,1
1654,52,133214,1,8,9,7,0,1
1655,23,186723,42,3,8,5,0,1
1656,96,92100,23,0,9,3,0,1
1657,5,64484,10,6,0,5,1,0
1658,47,69024,3,5,4,5,0,1
1659,81,171194,55,0,0,5,1,0
1660,4,183282,34,0,1,1,0,1
1661,8,100099,74,5,1,3,0,1
1662,35,164435,26,7,1,3,0,1
1663,67,172407,60,1,9,3,1,0
1664,9,84781,14,4,1,3,0,1
1665,82,186130,61,7,3,7,1,0
1666,2,56782,10,0,9,5,0,1
1667,95,137206,4,0,0,4,1,0
1668,9,146950,92,1,6,5,0,1
1669,99,174275,4,5,0,2,0,1
1670,96,97705,41,6,8,2,1,0
1671,92,188984,69,7,1,4,1,0
1672,24,119238,55,0,1,3,1,0
1673,58,87923,19,3,0,5,1,0
1674,15,128573,97,4,1,1,1,0
1675,13,132374,96,8,0,3,0,1
1676,51,135164,75,0,9,3,0,1
1677,9,165194,10,0,8,3,1,0
1678,0,126060,92,1,1,3,1,0
1679,67,89366,55,5,9,3,1,0
1680,58,95172,77,5,1,5,1,0
1681,55,95975,49,4,0,1,0,1
1682,52,165573,59,5,0,7,0,1
1683,83,180887,59,3,1,1,1,0
1684,83,142720,86,4,0,1,0,1
1685,90,113460,54,7,1,7,0,1
1686,87,110434,20,0,7,3,1,0
1687,67,146016,38,0,1,6,0,1
1688,81,101073,67,4,0,7,1,0
1689,36,62617,10,0,9,3,0,1
1690,51,96028,37,0,0,5,0,1
1691,31,186334,37,0,0,1,0,1
1692,57,163473,52,0,0,1,0,1
1693,83,89819,59,0,4,2,1,0
1694,51,69388,33,2,3,4,0,1
1695,15,134748,76,8,1,6,0,1
1696,18,149915,94,1,14,1,0,1
1697,88,104098,48,5,1,6,0,1
1698,70,80160,10,0,8,5,1,0
1699,9,124125,91,0,1,2,1,0
1700,6,170226,31,7,0,3,1,0
1701,8,53306,98,2,0,2,0,1
1702,55,103933,31,4,6,3,1,0
1703,69,85401,10,3,4,6,0,1
1704,18,53812,32,6,9,5,0,1
1705,13,60771,50,3,1,7,0,1
1706,69,56398,75,3,8,3,0,1
1707,69,171118,91,2,9,3,0,1
1708,69,79806,73,5,0,5,1,0
1709,89,150187,35,5,0,5,0,1
1710,45,129455,14,7,0,3,0,1
1711,75,116813,72,3,10,6,0,1
1712,54,95734,39,6,8,7,0,1
1713,33,76654,48,0,4,1,1,0
1714,67,86289,96,0,1,5,1,0
1715,26,176147,19,5,0,1,1,0
1716,5,142351,97,3,0,7,0,1
1717,65,186673,51,1,1,1,1,0
1718,94,131521,62,0,0,6,0,1
1719,95,50223,15,3,8,1,0,1
1720,48,74308,23,3,1,2,0,1
1721,41,155881,22,7,0,7,0,1
1722,92,168303,16,4,9,4,0,1
1723,44,182748,58,2,1,7,1,0
1724,35,52374,73,0,1,1,0,1
1725,34,86154,17,1,1,2,0,1
1726,52,163612,51,4,0,5,0,1
1727,64,64756,17,8,10,1,0,1
1728,62,185257,58,0,1,4,1,0
1729,58,78669,75,0,1,7,1,0
1730,15,164520,47,0,1,7,1,0
1731,65,92135,49,6,6,4,0,1
1732,20,103195,68,1,0,7,1,0
1733,21,161663,36,4,1,7,0,1
1734,79,57039,34,0,2,6,0,1
1735,91,54754,4,0,0,2,0,1
1736,92,136531,76,2,1,4,0,1
1737,62,120838,79,0,1,4,1,0
1738,94,127927,48,1,0,4,1,0
1739,10,164214,77,7,0,4,1,0
1740,53,145498,66,0,8,4,0,1
1741,7,129215,69,3,9,6,1,0
1742,92,152429,76,3,0,2,0,1
1743,12,89252,31,3,0,5,0,1
1744,31,147447,23,1,6,7,0,1
1745,93,74467,33,7,5,1,0,1
1746,66,127410,37,2,8,2,0,1
1747,49,91290,44,5,7,7,1,0
1748,64,92812,97,0,5,7,0,1
1749,27,170166,18,0,10,4,0,1
1750,33,150823,75,0,4,1,0,1
1751,79,95839,30,4,7,2,1,0
1752,14,60175,60,4,9,7,0,1
1753,22,153024,91,0,10,7,0,1
1754,8,116858,67,0,5,7,0,1
1755,6,122961,47,1,8,2,0,1
1756,81,141471,45,0,8,6,1,0
1757,69,76155,14,5,8,7,1,0
1758,0,108169,24,4,10,3,1,0
1759,61,139520,39,0,8,4,0,1
1760,62,182631,52,0,5,3,1,0
1761,95,177134,78,5,10,2,0,1
1762,32,181703,54,7,6,2,0,1
1763,13,61917,16,0,7,2,0,1
1764,1,140648,36,4,9,7,0,1
1765,63,176783,40,1,9,4,0,1
1766,75,59741,67,0,10,5,1,0
1767,43,156567,89,2,7,6,0,1
1768,29,110309,21,0,6,2,0,1
1769,82,111077,55,0,9,7,0,1
1770,87,170333,96,3,4,2,0,1
1771,66,183339,39,0,7,4,1,0
1772,99,84167,46,0,10,7,0,1
1773,54,184815,50,7,6,3,0,1
1774,49,122556,74,0,9,7,0,1
1775,60,174768,66,3,9,2,0,1
1776,75,172309,82,4,4,1,1,0
1777,77,117920,4,1,10,4,1,0
1778,34,134882,61,0,10,3,1,0
1779,63,77259,11,7,6,6,0,1
1780,38,170019,38,0,7,2,1,0
1781,68,176884,94,2,10,2,0,1
1782,80,106709,93,8,10,2,0,1
1783,8,168723,31,6,7,2,0,1
1784,86,90228,68,2,7,5,0,1
1785,1,89473,85,7,10,4,0,1
1786,56,131911,42,5,7,7,1,0
1787,14,140107,63,8,6,6,0,1
1788,4,170403,44,0,4,5,0,1
1789,58,51416,46,9,7,5,0,1
1790,6,52648,2,0,5,2,0,1
1791,17,125471,48,2,7,1,1,0
1792,55,106153,62,0,10,1,0,1
1793,14,124785,28,7,7,2,1,0
1794,22,101474,14,6,10,2,0,1
1795,8,141359,65,5,4,5,0,1
1796,70,57596,96,0,4,1,0,1
1797,67,78489,81,0,7,5,0,1
1798,50,112957,71,4,5,3,1,0
1799,72,82377,37,2,9,2,1,0
1800,76,82315,53,2,6,1,1,0
1801,80,93253,51,0,4,5,1,0
1802,20,189650,60,7,8,4,1,0
1803,89,114858,53,0,10,1,0,1
1804,18,62151,18,0,8,2,0,1
1805,75,135159,12,2,7,6,0,1
1806,5,126263,55,8,6,3,0,1
1807,79,123064,41,0,10,4,0,1
1808,31,181773,40,5,8,1,0,1
1809,92,171794,65,0,6,5,1,0
1810,15,156339,27,6,6,2,0,1
1811,94,65483,84,8,10,7,1,0
1812,35,145654,22,4,6,3,0,1
1813,68,91609,43,3,8,1,0,1
1814,29,53002,73,7,5,5,0,1
1815,87,115699,61,5,9,1,1,0
1816,33,149609,44,4,9,2,1,0
1817,29,165254,7,4,9,7,0,1
1818,43,50418,49,5,5,1,1,0
1819,43,103531,90,0,10,5,1,0
1820,66,184060,98,0,10,5,0,1
1821,23,75961,70,4,5,7,1,0
1822,87,174163,28,0,4,2,1,0
1823,81,105255,54,4,8,3,0,1
1824,42,51860,4,7,4,5,1,0
1825,32,185218,83,5,4,6,0,1
1826,7,189709,18,0,6,6,1,0
1827,91,134665,66,0,7,2,0,1
1828,95,91352,9,1,7,3,1,0
1829,10,154623,21,0,6,6,0,1
1830,20,113767,88,0,6,2,0,1
1831,5,160469,61,7,8,1,1,0
1832,84,99418,27,0,4,2,0,1
1833,54,56215,34,5,10,4,1,0
1834,12,55639,63,5,8,1,1,0
1835,90,62504,99,0,10,4,0,1
1836,19,151382,38,7,1,1,0,1
1837,91,156574,96,8,0,7,0,1
1838,90,60998,35,3,1,7,0,1
1839,60,108509,36,1,0,2,0,1
1840,68,85540,49,6,9,1,0,1
1841,43,73915,47,0,11,2,0,1
1842,52,148901,77,5,4,4,1,0
1843,81,152602,91,3,0,1,1,0
1844,54,58999,22,3,7,3,0,1
1845,43,133740,37,0,5,4,0,1
1846,20,113217,41,7,9,1,0,1
1847,71,60209,46,0,1,3,0,1
1848,26,145491,72,3,9,5,0,1
1849,75,61393,65,1,7,5,0,1
1850,52,133252,55,0,1,1,0,1
1851,40,187234,14,1,0,5,0,1
1852,5,145563,60,3,9,6,1,0
1853,46,165810,38,5,3,5,0,1
1854,98,125181,30,0,0,7,1,0
1855,84,56809,96,5,1,2,0,1
1856,35,69419,68,5,9,1,1,0
1857,78,70689,54,0,1,4,0,1
1858,64,55011,53,0,1,7,1,0
1859,98,87955,79,2,0,2,0,1
1860,66,153660,24,5,0,5,1,0
1861,32,104494,28,5,6,4,1,0
1862,22,184443,44,4,3,7,1,0
1863,17,150778,35,3,1,7,0,1
1864,22,88729,81,2,1,1,0,1
1865,9,151902,18,0,0,2,1,0
1866,24,51604,4,0,0,2,1,0
1867,8,157316,75,0,9,3,0,1
1868,52,125508,15,0,1,6,0,1
1869,62,186157,54,5,1,1,1,0
1870,37,169381,45,3,0,4,0,1
1871,68,110195,47,6,9,2,1,0
1872,63,81199,80,3,1,2,0,1
1873,15,58459,67,4,0,6,0,1
1874,44,173682,89,0,12,6,0,1
1875,18,162983,16,3,0,6,1,0
1876,30,94480,1,4,0,4,1,0
1877,69,168710,80,1,1,4,0,1
1878,16,150193,83,2,2,2,1,0
1879,71,91823,74,0,1,4,0,1
1880,24,173091,24,3,6,2,0,1
1881,57,102692,94,5,0,2,1,0
1882,97,156812,77,5,0,6,1,0
1883,68,51468,48,0,0,3,1,0
1884,11,114071,37,5,0,2,0,1
1885,63,155638,81,9,1,4,0,1
1886,68,129971,61,0,8,3,1,0
1887,69,104160,77,2,4,4,0,1
1888,77,124995,66,5,0,1,0,1
1889,73,180437,50,3,1,5,0,1
1890,19,134644,96,4,1,2,0,1
1891,1,130089,67,0,0,5,0,1
1892,71,149318,27,0,4,1,1,0
1893,6,125591,79,5,8,6,1,0
1894,68,173047,17,5,0,3,0,1
1895,39,61298,91,0,0,5,0,1
1896,75,132993,55,3,8,2,1,0
1897,65,72313,36,7,1,5,0,1
1898,30,84885,9,3,6,5,0,1
1899,46,126228,95,8,8,2,1,0
1900,40,51199,29,4,7,7,1,0
1901,40,54631,70,0,0,6,0,1
1902,20,131810,16,5,5,7,0,1
1903,88,138482,59,8,8,4,1,0
1904,85,74081,87,5,4,3,1,0
1905,94,112426,54,2,9,6,1,0
1906,52,164038,53,9,5,4,0,1
1907,68,53552,97,8,7,6,0,1
1908,15,142147,78,0,8,4,1,0
1909,4,180324,41,0,9,2,1,0
1910,59,149067,78,1,9,7,1,0
1911,32,184408,38,3,6,7,1,0
1912,8,59116,45,0,10,6,0,1
1913,92,174786,94,4,4,3,0,1
1914,9,71076,2,0,8,1,1,0
1915,41,56837,4,5,8,4,0,1
1916,18,134752,47,2,6,5,0,1
1917,78,112887,80,3,9,6,0,1
1918,0,73128,74,0,7,5,0,1
1919,11,152765,17,5,8,1,0,1
1920,36,140637,19,4,8,7,0,1
1921,46,137973,50,5,7,7,1,0
1922,95,126791,34,0,6,4,0,1
1923,97,75125,89,4,8,3,0,1
1924,2,101718,11,4,8,3,1,0
1925,94,69654,30,6,4,4,0,1
1926,0,105935,46,1,4,5,0,1
1927,3,74607,69,5,6,1,1,0
1928,77,151985,29,5,4,7,1,0
1929,70,76892,64,4,5,2,1,0
1930,58,87602,25,4,5,3,1,0
1931,72,182317,46,5,8,6,1,0
1932,90,158280,92,4,6,7,1,0
1933,23,59905,79,9,7,5,0,1
1934,87,128153,42,0,7,6,0,1
1935,64,142612,58,1,4,6,1,0
1936,15,180163,9,1,10,7,0,1
1937,14,68009,17,0,9,3,0,1
1938,54,166183,65,0,7,6,1,0
1939,76,132537,44,1,5,3,1,0
1940,76,146308,49,0,5,1,0,1
1941,52,63454,38,0,5,5,0,1
1942,96,110519,6,0,9,4,1,0
1943,55,66728,50,5,10,5,0,1
1944,54,170638,64,0,4,5,0,1
1945,19,129635,100,0,6,4,1,0
1946,29,133587,74,8,5,3,1,0
1947,96,126225,47,2,7,4,1,0
1948,20,148776,21,0,8,5,0,1
1949,91,142602,64,7,7,6,0,1
1950,37,102413,38,5,5,5,1,0
1951,42,68765,69,3,4,1,1,0
1952,1,57522,75,0,10,5,1,0
1953,58,149237,80,3,8,6,0,1
1954,42,184844,24,3,6,1,0,1
1955,48,131656,45,7,9,6,0,1
1956,11,181026,39,8,6,2,0,1
1957,59,101698,87,0,9,3,1,0
1958,45,152560,32,3,9,2,0,1
1959,73,142502,97,1,5,1,1,0
1960,85,155432,21,2,4,6,0,1
1961,70,108544,49,3,4,5,0,1
1962,52,106530,46,2,7,2,0,1
1963,70,124359,51,6,7,7,1,0
1964,88,146970,90,0,7,6,0,1
1965,61,182176,96,0,9,5,1,0
1966,46,114435,34,0,8,3,0,1
1967,65,134213,32,6,8,4,1,0
1968,84,115580,73,3,8,5,0,1
1969,76,124034,88,4,10,2,0,1
1970,31,67894,42,1,9,1,1,0
1971,55,107099,89,4,4,6,1,0
1972,45,140263,88,3,10,5,1,0
1973,98,104249,12,2,5,2,1,0
1974,40,168821,36,4,4,5,1,0
1975,14,153145,59,5,8,6,0,1
1976,41,128960,43,4,9,4,0,1
1977,60,127438,82,2,7,2,1,0
1978,60,125968,100,7,8,2,1,0
1979,84,104589,85,0,10,2,1,0
1980,0,165321,93,1,8,1,1,0
1981,10,86925,76,0,7,2,0,1
1982,62,149797,19,0,5,6,0,1
1983,33,137094,68,7,4,1,1,0
1984,52,55395,41,8,10,1,0,1
1985,2,153622,51,7,6,6,0,1
1986,27,74050,44,3,8,1,1,0
1987,4,68094,61,1,4,7,0,1
1988,63,59244,80,0,7,1,1,0
1989,54,118944,77,0,4,4,0,1
1990,47,75293,55,1,6,7,0,1
1991,30,166983,69,0,7,3,0,1
1992,97,129444,96,3,5,6,0,1
1993,94,181183,24,8,9,3,1,0
1994,64,175254,100,0,9,5,0,1
1995,19,54121,89,2,6,3,0,1
1996,71,184387,40,0,8,7,0,1
1997,91,73158,32,1,7,7,0,1
1998,87,90961,14,5,9,2,1,0
1999,77,182109,4,4,7,2,1,0
2000,90,110610,52,3,5,2,1,0
